title,url
The Shrink Next Door,https://chartable.com/podcasts/the-shrink-next-door
SVP & Russillo,https://chartable.com/podcasts/svp-russillo
This Land,https://chartable.com/podcasts/this-land-1464954218
The Chernobyl Podcast,https://chartable.com/podcasts/the-chernobyl-podcast
The Joe Rogan Experience,https://chartable.com/podcasts/the-joe-rogan-experience
Life Will Be the Death of Me with Chelsea Handler,https://chartable.com/podcasts/life-will-be-the-death-of-me-with-chelsea-handler
Gangster Capitalism,https://chartable.com/podcasts/gangster-capitalism
Conan O’Brien Needs A Friend,https://chartable.com/podcasts/conan-obrien-needs-a-friend
The Queen,https://chartable.com/podcasts/the-queen
White Lies,https://chartable.com/podcasts/white-lies
The Daily,https://chartable.com/podcasts/the-daily
The Ron Burgundy Podcast,https://chartable.com/podcasts/the-ron-burgundy-podcast
To Live and Die in LA,https://chartable.com/podcasts/to-live-and-die-in-la
My Favorite Murder with Karen Kilgariff and Georgia Hardstark,https://chartable.com/podcasts/my-favorite-murder-with-karen-kilgariff-and-georgia-hardstark
Call Her Daddy,https://chartable.com/podcasts/call-her-daddy
Armchair Expert with Dax Shepard,https://chartable.com/podcasts/armchair-expert-with-dax-shepard
Dr. Death,https://chartable.com/podcasts/dr-death
Serial,https://chartable.com/podcasts/serial
Lore,https://chartable.com/podcasts/lore
Nice Try!,https://chartable.com/podcasts/nice-try
Root of Evil,https://chartable.com/podcasts/root-of-evil-the-true-story-of-the-hodel-family-and-the-black-dahlia
Ringer Dish,https://chartable.com/podcasts/ringer-dish
The TED Interview,https://chartable.com/podcasts/the-ted-interview
Science Rules! with Bill Nye,https://chartable.com/podcasts/science-rules-with-bill-nye
Up First,https://chartable.com/podcasts/up-first
Adulting,https://chartable.com/podcasts/adulting-1463400941
The Dark Side Of,https://chartable.com/podcasts/the-dark-side-of
Inside Star Wars,https://chartable.com/podcasts/inside-star-wars
Dumb People Town,https://chartable.com/podcasts/dumb-people-town
This American Life,https://chartable.com/podcasts/this-american-life
The Dave Ramsey Show,https://chartable.com/podcasts/the-dave-ramsey-show
Duolingo Spanish Podcast,https://chartable.com/podcasts/duolingo-spanish-podcast
The MFCEO Project,https://chartable.com/podcasts/the-mfceo-project
Dead Ass with Khadeen and Devale Ellis,https://chartable.com/podcasts/dead-ass-with-devale-and-khadeen-ellis
The Dropout,https://chartable.com/podcasts/the-dropout
How I Built This with Guy Raz,https://chartable.com/podcasts/how-i-built-this-with-guy-raz
Oprah’s SuperSoul Conversations,https://chartable.com/podcasts/oprahs-supersoul-conversations
The Tiny Meat Gang Podcast,https://chartable.com/podcasts/the-tiny-meat-gang-podcast
Stuff You Should Know,https://chartable.com/podcasts/stuff-you-should-know
Dirty John,https://chartable.com/podcasts/dirty-john
TED Talks Daily,https://chartable.com/podcasts/ted-talks-daily
On Purpose with Jay Shetty,https://chartable.com/podcasts/on-purpose-with-jay-shetty
Life is Short with Justin Long,https://chartable.com/podcasts/life-is-short-with-justin-long
RISE podcast,https://chartable.com/podcasts/dais-podcast
Hidden Brain,https://chartable.com/podcasts/hidden-brain
Over My Dead Body,https://chartable.com/podcasts/over-my-dead-body
Blackout,https://chartable.com/podcasts/blackout-1447513097
The WoMed,https://chartable.com/podcasts/the-womed
Lauren Conrad,https://chartable.com/podcasts/lauren-conrad-asking-for-a-friend
My Dad Wrote A Porno,https://chartable.com/podcasts/my-dad-wrote-a-porno
Man In The Window,https://chartable.com/podcasts/man-in-the-window
99% Invisible,https://chartable.com/podcasts/99-invisible
Sword and Scale,https://chartable.com/podcasts/sword-and-scale
Coffee Convos with Kail Lowry & Lindsie Chrisley,https://chartable.com/podcasts/coffee-convos-with-kail-lowry-lindsie-chrisley
The Great One on 1,https://chartable.com/podcasts/the-great-one-on-1
Atlanta Monster / Monster,https://chartable.com/podcasts/atlanta-monster
Stuff You Missed in History Class,https://chartable.com/podcasts/stuff-you-missed-in-history-class
Monday Morning Podcast,https://chartable.com/podcasts/monday-morning-podcast
Invisibilia,https://chartable.com/podcasts/invisibilia
Making Sense with Sam Harris,https://chartable.com/podcasts/waking-up-with-sam-harris
The Shvitz,https://chartable.com/podcasts/the-shvitz
Dateline NBC,https://chartable.com/podcasts/dateline-nbc
In the Dark,https://chartable.com/podcasts/in-the-dark-314933
Happy Face,https://chartable.com/podcasts/happy-face
Drinkin' Bros Podcast,https://chartable.com/podcasts/drinkin-bros
Unsolved Murders,https://chartable.com/podcasts/unsolved-murders-true-crime-stories
WorkLife with Adam Grant,https://chartable.com/podcasts/worklife-with-adam-grant
The Moth,https://chartable.com/podcasts/the-moth
The Teacher's Pet,https://chartable.com/podcasts/the-teachers-pet
The Bill Simmons Podcast,https://chartable.com/podcasts/the-bill-simmons-podcast
BiggerPockets Real Estate Podcast,https://chartable.com/podcasts/biggerpockets-podcast-real-estate-investing-and-wealth-building-to-help-you-get-bigger-pockets
RISE Together Podcast,https://chartable.com/podcasts/rise-together-1407481308
Someone Knows Something,https://chartable.com/podcasts/someone-knows-something
Running from COPS,https://chartable.com/podcasts/running-from-cops-headlong-season-3
Embedded,https://chartable.com/podcasts/embedded
Congratulations with Chris D'Elia,https://chartable.com/podcasts/congratulations-with-chris-delia
King and the Sting,https://chartable.com/podcasts/king-and-the-sting
13 Alibis,https://chartable.com/podcasts/13-alibis
Big Life Kids Podcast,https://chartable.com/podcasts/the-big-life-kids-podcast
The NPR Politics Podcast,https://chartable.com/podcasts/npr-politics-podcast
WTF with Marc Maron Podcast,https://chartable.com/podcasts/wtf-with-marc-maron-podcast
The Wild,https://chartable.com/podcasts/the-wild
The Misfits Podcast,https://chartable.com/podcasts/the-misfits-podcast
This is Love,https://chartable.com/podcasts/this-is-love
Sleepwalkers,https://chartable.com/podcasts/sleepwalkers-1449757372
Reply All,https://chartable.com/podcasts/reply-all
The Ballad of Billy Balls / The RFK Tapes,https://chartable.com/podcasts/the-rfk-tapes
True Crime Obsessed,https://chartable.com/podcasts/true-crime-obsessed
Your Mom's House with Christina P. and Tom Segura,https://chartable.com/podcasts/your-moms-house-with-christina-p-and-tom-segura
The Tony Robbins Podcast,https://chartable.com/podcasts/the-tony-robbins-podcast
What Next ,https://chartable.com/podcasts/what-next-daily-news-and-analysis
DISGRACELAND,https://chartable.com/podcasts/disgraceland
NPR News Now,https://chartable.com/podcasts/npr-news-now
Spittin Chiclets,https://chartable.com/podcasts/spittin-chiclets
Motherhood Sessions,https://chartable.com/podcasts/motherhood-sessions
Broken Harts,https://chartable.com/podcasts/broken-harts
Louder With Crowder,https://chartable.com/podcasts/louder-with-crowder
Uncover: The Village,https://chartable.com/podcasts/uncover
Global News Podcast,https://chartable.com/podcasts/global-news-podcast
The TryPod,https://chartable.com/podcasts/the-trypod
Wade Keller Pro Wrestling Podcast,https://chartable.com/podcasts/the-wade-keller-pro-wrestling-podcast
Doing it for me ,https://chartable.com/podcasts/doing-it-for-me-tone-and-sculpt
The Crossway Podcast,https://chartable.com/podcasts/the-crossway-podcast
10% Happier with Dan Harris,https://chartable.com/podcasts/10-happier-with-dan-harris
H3 Podcast,https://chartable.com/podcasts/h3-podcast
Family Ghosts,https://chartable.com/podcasts/family-ghosts
American Hysteria,https://chartable.com/podcasts/american-hysteria
Serial Killers,https://chartable.com/podcasts/serial-killers-490044
The Vanished Podcast,https://chartable.com/podcasts/the-vanished-podcast
Off The Vine with Kaitlyn Bristowe,https://chartable.com/podcasts/off-the-vine-with-kaitlyn-bristowe
Myths and Legends,https://chartable.com/podcasts/myths-and-legends
The Church of What's Happening Now,https://chartable.com/podcasts/the-church-of-whats-happening-now-with-joey-coco-diaz
"Today, Explained",https://chartable.com/podcasts/today-explained
The Oath with Chuck Rosenberg,https://chartable.com/podcasts/the-oath
Robert Jeter's show,https://chartable.com/podcasts/robert-jeters-show
Welcome to Night Vale,https://chartable.com/podcasts/welcome-to-night-vale
Ride the Lightning,https://chartable.com/podcasts/ride-the-lightning-tesla-motors-unofficial-podcast
Science Vs,https://chartable.com/podcasts/science-vs
The Life Coach School Podcast,https://chartable.com/podcasts/the-life-coach-school-podcast-with-brooke-castillo
Eli Roth’s History of Horror,https://chartable.com/podcasts/eli-roths-history-of-horror-uncut
We Have Cool Friends,https://chartable.com/podcasts/we-have-cool-friends
TEDTalks Health,https://chartable.com/podcasts/tedtalks-health
The Killer Thorn of Gypsy Rose,https://chartable.com/podcasts/analysis-of-murder-by-dr-phil
Slow Burn,https://chartable.com/podcasts/slow-burn-a-podcast-about-watergate
Code Switch,https://chartable.com/podcasts/code-switch
American History Tellers,https://chartable.com/podcasts/american-history-tellers
Life Kit: All Guides,https://chartable.com/podcasts/life-kit-all-guides
NBC's Songland Podcast,https://chartable.com/podcasts/nbcs-songland-podcast
The Dream,https://chartable.com/podcasts/the-dream
Apple Keynotes,https://chartable.com/podcasts/apple-keynotes
Brains On! Science podcast for kids,https://chartable.com/podcasts/brains-on-science-podcast-for-kids
Mobituaries with Mo Rocca,https://chartable.com/podcasts/mobituaries-with-mo-rocca
goopfellas,https://chartable.com/podcasts/goopfellas
The Mindset & Motivation Podcast,https://chartable.com/podcasts/mwf-motivation-podcast
Ephemeral,https://chartable.com/podcasts/ephemeral
The Herd with Colin Cowherd,https://chartable.com/podcasts/the-herd-with-colin-cowherd
TigerBelly,https://chartable.com/podcasts/tigerbelly
American Scandal,https://chartable.com/podcasts/american-scandal
Murderville,https://chartable.com/podcasts/murderville
Naval,https://chartable.com/podcasts/navals-podcast
Mueller Report Audio,https://chartable.com/podcasts/mueller-report-audio
Jenna & Julien Podcast,https://chartable.com/podcasts/jenna-julien-podcast
"The 85 South Show with Karlous Miller, DC Young Fly and Clayton English",https://chartable.com/podcasts/the-85-south-show-with-karlous-miller-dc-young-fly-and-clayton-english
The Intelligence,https://chartable.com/podcasts/the-intelligence
The Goal Digger Podcast,https://chartable.com/podcasts/the-goal-digger-podcast-marketing-social-media-creative-entrepreneurship-small-business-strategy-and-branding
The Read,https://chartable.com/podcasts/the-read
The Generation Why Podcast,https://chartable.com/podcasts/the-generation-why-podcast
First Take,https://chartable.com/podcasts/first-take-440612
Transformation Church,https://chartable.com/podcasts/transformation-church-379186
Hempsession,https://chartable.com/podcasts/hempsession-entertainment-education-news-insight-with-oliver-del-camino
Masters of Scale with Reid Hoffman,https://chartable.com/podcasts/masters-of-scale-with-reid-hoffman
Kwik Brain with Jim Kwik,https://chartable.com/podcasts/kwik-brain-memory-improvement-accelerated-learning-speedreading-brain-hacks-productivity-t
True Crime All The Time,https://chartable.com/podcasts/true-crime-all-the-time
TED Talks Business,https://chartable.com/podcasts/tedtalks-business
THE BRENDON SHOW,https://chartable.com/podcasts/the-brendon-show
Murder Book,https://chartable.com/podcasts/murder-book
Channel 33,https://chartable.com/podcasts/channel-33
WSJ What’s News,https://chartable.com/podcasts/wsj-whats-news
Side Hustle School,https://chartable.com/podcasts/side-hustle-school
Mind Pump: Raw Fitness Truth,https://chartable.com/podcasts/mind-pump-raw-fitness-truth
Pretty Basic with Alisha Marie and Remi Cruz,https://chartable.com/podcasts/pretty-basic-with-alisha-marie-and-remi-cruz
Who the Hell is Hamish?,https://chartable.com/podcasts/who-the-hell-is-hamish
Skotcast,https://chartable.com/podcasts/skotcast
Mortgage Success Blueprint's Podcast,https://chartable.com/podcasts/mortgage-success-blueprints-podcast
Real Estate Jerky,https://chartable.com/podcasts/real-estate-jerky
Straight Up with Stassi,https://chartable.com/podcasts/straight-up-with-stassi
Amy Schumer Presents,https://chartable.com/podcasts/amy-schumer-presents-3-girls-1-keith
Ellen on the Go,https://chartable.com/podcasts/ellen-on-the-go
AnalyticsToday Podcast,https://chartable.com/podcasts/analyticstoday-podcast
The Dan Bongino Show,https://chartable.com/podcasts/the-dan-bongino-show
Family Secrets,https://chartable.com/podcasts/family-secrets
The Band Played On,https://chartable.com/podcasts/the-band-played-on
"My Brother, My Brother And Me",https://chartable.com/podcasts/my-brother-my-brother-and-me
Apple Keynotes (1080p),https://chartable.com/podcasts/apple-keynotes-1080p
Million Dollaz Worth Of Game,https://chartable.com/podcasts/million-dollaz-worth-of-game
Morbid: A True Crime Podcast,https://chartable.com/podcasts/morbid-a-true-crime-podcast
Get Real -w- Caroline Hobby,https://chartable.com/podcasts/get-real-w-caroline-hobby
Skip and Shannon: Undisputed,https://chartable.com/podcasts/skip-and-shannon-undisputed
The Knowledge Project with Shane Parrish,https://chartable.com/podcasts/the-knowledge-project-with-shane-parrish
Minor Adventures with Topher Grace,https://chartable.com/podcasts/minor-adventures-with-topher-grace
Accused,https://chartable.com/podcasts/accused
The Dollop with Dave Anthony and Gareth Reynolds,https://chartable.com/podcasts/the-dollop-with-dave-anthony-and-gareth-reynolds
The Potter's Touch,https://chartable.com/podcasts/the-potters-touch
WHOA That's Good Podcast,https://chartable.com/podcasts/whoa-thats-good-podcast
Experts on Expert with Dax Shepard,https://chartable.com/podcasts/experts-on-expert-with-dax-shepard
The Rachel Cruze Show,https://chartable.com/podcasts/the-rachel-cruze-show
You Made It Weird with Pete Holmes,https://chartable.com/podcasts/you-made-it-weird-with-pete-holmes
The Dave Portnoy Show,https://chartable.com/podcasts/the-dave-portnoy-show
CyberHub Engage Podcast,https://chartable.com/podcasts/cyberhub-engage
"The Doctor's Farmacy with Mark Hyman, M.D.",https://chartable.com/podcasts/the-doctors-farmacy-with-mark-hyman-md
The Next Right Thing,https://chartable.com/podcasts/the-next-right-thing
Philosophize This!,https://chartable.com/podcasts/philosophize-this
The Indicator from Planet Money,https://chartable.com/podcasts/the-indicator-from-planet-money
Therapy for Black Girls,https://chartable.com/podcasts/therapy-for-black-girls
Story Pirates,https://chartable.com/podcasts/story-pirates
Moms and Murder,https://chartable.com/podcasts/moms-and-murder
Bodega Boys,https://chartable.com/podcasts/bodega-boys
The Chalene Show ,https://chartable.com/podcasts/the-chalene-show-diet-fitness-life-balance
RZIM: Ask Away Broadcasts,https://chartable.com/podcasts/rzim-ask-away-broadcasts
Mark Levin Podcast,https://chartable.com/podcasts/mark-levin-audio-rewind
The Art of Manliness,https://chartable.com/podcasts/the-art-of-manliness
Coffee Break French,https://chartable.com/podcasts/coffee-break-french
Still Processing,https://chartable.com/podcasts/still-processing
The Skinny Confidential Him & Her Podcast,https://chartable.com/podcasts/the-skinny-confidential-him-her-podcast
Six Minutes,https://chartable.com/podcasts/six-minutes
Showmance with Kevin McHale and Jenna Ushkowitz,https://chartable.com/podcasts/showmance-with-kevin-mchale-and-jenna-ushkowitz
Ron and Don Radio,https://chartable.com/podcasts/ron-and-don-radio
#RealPod,https://chartable.com/podcasts/realpod
The Brilliant Idiots,https://chartable.com/podcasts/the-brilliant-idiots
Chicks in the Office,https://chartable.com/podcasts/chicks-in-the-office
The Breakdown with Shaun King,https://chartable.com/podcasts/the-breakdown-with-shaun-king
Not Guilty,https://chartable.com/podcasts/not-guilty-1460051574
"Tell Them, I Am",https://chartable.com/podcasts/tell-them-i-am
Believed,https://chartable.com/podcasts/believed
And That's Why We Drink,https://chartable.com/podcasts/and-thats-why-we-drink
The Michael Knowles Show,https://chartable.com/podcasts/the-michael-knowles-show
WSJ Secrets of Wealthy Women,https://chartable.com/podcasts/wsj-secrets-of-wealthy-women
Oprah and Eckhart Tolle,https://chartable.com/podcasts/oprahs-supersoul-conversations-presents-a-new-earth-with-eckhart-tolle
Bussin' With The Boys,https://chartable.com/podcasts/bussin-with-the-boys
Draftsmen,https://chartable.com/podcasts/draftsmen
Stuff They Don't Want You To Know,https://chartable.com/podcasts/stuff-they-dont-want-you-to-know
Conspiracy Theories,https://chartable.com/podcasts/conspiracy-theories-401796
The Tai Lopez Show,https://chartable.com/podcasts/the-tai-lopez-show
Good Night Stories for Rebel Girls,https://chartable.com/podcasts/good-night-stories-for-rebel-girls
Bottom of the Map,https://chartable.com/podcasts/bottom-of-the-map
Economist Radio,https://chartable.com/podcasts/the-economist-radio-all-audio
The Candace Owens Show,https://chartable.com/podcasts/the-candace-owens-show
TED Talks Science and Medicine,https://chartable.com/podcasts/tedtalks-science-and-medicine
Forensic Files,https://chartable.com/podcasts/forensic-files
AMERICA'S DOCTOR,https://chartable.com/podcasts/the-dr-oz-podcast
The Two Princes,https://chartable.com/podcasts/the-two-princes
The Rich Roll Podcast,https://chartable.com/podcasts/the-rich-roll-podcast
Hollywood & Crime,https://chartable.com/podcasts/hollywood-crime
"Trump, Inc.",https://chartable.com/podcasts/trump-inc
Sunday Sitdown with Willie Geist,https://chartable.com/podcasts/sunday-sitdown-with-willie-geist
The Peter Attia Drive,https://chartable.com/podcasts/the-peter-attia-drive
Enough About Me with Shep Rose,https://chartable.com/podcasts/enough-about-me-with-shep-rose
Bachelor Party,https://chartable.com/podcasts/bachelor-party
Angela Yee's Lip Service,https://chartable.com/podcasts/angela-yees-lip-service
Why Won't You Date Me? with Nicole Byer,https://chartable.com/podcasts/why-wont-you-date-me
Real Time with Bill Maher,https://chartable.com/podcasts/real-time-with-bill-maher
The Rewatchables,https://chartable.com/podcasts/the-rewatchables
Almost 30,https://chartable.com/podcasts/almost-30-real-talks-on-health-wellness-spirituality-entrepreneurship-sexuality-humor-so-m
The Last Days of August,https://chartable.com/podcasts/the-butterfly-effect-with-jon-ronson
Curious with Josh Peck,https://chartable.com/podcasts/curious-with-josh-peck
The mindbodygreen Podcast,https://chartable.com/podcasts/the-mindbodygreen-podcast-motivational-interviews-covering-health-fitness-nutrition-entrepreneurship-selfhelp-and-more
Something Scary,https://chartable.com/podcasts/something-scary
No Man's Land by The Wing,https://chartable.com/podcasts/no-mans-land-681410
Supersons,https://chartable.com/podcasts/supersons
The Ken Coleman Show,https://chartable.com/podcasts/the-ken-coleman-show
Bobbycast,https://chartable.com/podcasts/bobbycast
Mile Higher Podcast,https://chartable.com/podcasts/mile-higher-podcast
The Lady Vanishes,https://chartable.com/podcasts/the-lady-vanishes
Taste Of Taylor,https://chartable.com/podcasts/taste-of-taylor
For The Love With Jen Hatmaker Podcast,https://chartable.com/podcasts/for-the-love-with-jen-hatmaker-podcast
The Chris Hogan Show,https://chartable.com/podcasts/chris-hogans-retire-inspired
Small Doses with Amanda Seales,https://chartable.com/podcasts/small-doses-174368
Woman Evolve with Sarah Jakes Roberts,https://chartable.com/podcasts/woman-evolve-with-sarah-jakes-roberts
The Health Code,https://chartable.com/podcasts/the-health-code
The Charlie Kirk Show,https://chartable.com/podcasts/the-charlie-kirk-show
Shame On You,https://chartable.com/podcasts/shame-on-you
30 For 30 Podcasts,https://chartable.com/podcasts/30-for-30-podcasts
Pod Save the World,https://chartable.com/podcasts/pod-save-the-world
The Jordan Harbinger Show,https://chartable.com/podcasts/the-jordan-harbinger-show
Risen Motherhood,https://chartable.com/podcasts/risen-motherhood
Behind the Bastards,https://chartable.com/podcasts/behind-the-bastards
Martinis & Murder,https://chartable.com/podcasts/martinis-murder
Deepak Chopra’s Infinite Potential,https://chartable.com/podcasts/deepak-chopras-infinite-potential
Swindled,https://chartable.com/podcasts/swindled
Scary Stories Told in the Dark,https://chartable.com/podcasts/scary-stories-told-in-the-dark
Dear Sugars,https://chartable.com/podcasts/dear-sugars
Song Exploder,https://chartable.com/podcasts/song-exploder
The EntreLeadership Podcast,https://chartable.com/podcasts/the-entreleadership-podcast
Whine Down with Jana Kramer and Michael Caussin,https://chartable.com/podcasts/whine-down-with-jana-kramer
Wine & Crime,https://chartable.com/podcasts/wine-crime
Christy Wright's Business Boutique,https://chartable.com/podcasts/christy-wrights-business-boutique
The John Maxwell Leadership Podcast,https://chartable.com/podcasts/the-john-maxwell-leadership-podcast
Mythology,https://chartable.com/podcasts/mythology-1442945036
True Crime Bullsh**,https://chartable.com/podcasts/true-crime-bullsh
With Whit,https://chartable.com/podcasts/with-whit
My Mom's Basement,https://chartable.com/podcasts/my-moms-basement
PowerBanking,https://chartable.com/podcasts/powerbanking
Learn Spanish - Survival Guide,https://chartable.com/podcasts/learn-spanish-survival-guide
Revolutions,https://chartable.com/podcasts/revolutions
FoundMyFitness,https://chartable.com/podcasts/foundmyfitness
Team Never Quit,https://chartable.com/podcasts/team-never-quit-podcast
Black Girl Podcast,https://chartable.com/podcasts/black-girl-podcast
It Could Happen Here,https://chartable.com/podcasts/it-could-happen-here
All Songs Considered,https://chartable.com/podcasts/all-songs-considered
Science Friday,https://chartable.com/podcasts/science-friday
2 Dope Queens,https://chartable.com/podcasts/2-dope-queens
Snap Judgment,https://chartable.com/podcasts/snap-judgment
Diane Rehm: On My Mind,https://chartable.com/podcasts/diane-rehm-on-my-mind
Mental Illness Happy Hour,https://chartable.com/podcasts/mental-illness-happy-hour
LeVar Burton Reads,https://chartable.com/podcasts/levar-burton-reads
We Study Billionaires,https://chartable.com/podcasts/we-study-billionaires-the-investors-podcast
Crime Stories with Nancy Grace,https://chartable.com/podcasts/crime-stories-with-nancy-grace
Timesuck with Dan Cummins,https://chartable.com/podcasts/timesuck-with-dan-cummins
But Why,https://chartable.com/podcasts/but-why-a-podcast-for-curious-kids
