genre,url
"['Business', 'Society & Culture']",https://chartable.com/podcasts/the-shrink-next-door
[],https://chartable.com/podcasts/svp-russillo
[],https://chartable.com/podcasts/this-land-1464954218
"['Society & Culture', 'History', 'TV & Film']",https://chartable.com/podcasts/the-chernobyl-podcast
"['Comedy', 'Society & Culture', 'Technology', 'Podcasting']",https://chartable.com/podcasts/the-joe-rogan-experience
"['Comedy', 'Society & Culture']",https://chartable.com/podcasts/life-will-be-the-death-of-me-with-chelsea-handler
['Society & Culture'],https://chartable.com/podcasts/gangster-capitalism
['Comedy'],https://chartable.com/podcasts/conan-obrien-needs-a-friend
"['Society & Culture', 'Personal Journals']",https://chartable.com/podcasts/crime-junkie
"['Society & Culture', 'History']",https://chartable.com/podcasts/the-queen
"['News & Politics', 'Society & Culture', 'History']",https://chartable.com/podcasts/white-lies
['News & Politics'],https://chartable.com/podcasts/the-daily
"['Comedy', 'Society & Culture', 'TV & Film']",https://chartable.com/podcasts/the-ron-burgundy-podcast
"['News & Politics', 'Society & Culture', 'Personal Journals']",https://chartable.com/podcasts/to-live-and-die-in-la
"['Comedy', 'News & Politics']",https://chartable.com/podcasts/my-favorite-murder-with-karen-kilgariff-and-georgia-hardstark
['Comedy'],https://chartable.com/podcasts/call-her-daddy
"['Comedy', 'Music', 'TV & Film']",https://chartable.com/podcasts/armchair-expert-with-dax-shepard
"['Health', 'Science & Medicine']",https://chartable.com/podcasts/dr-death
['News & Politics'],https://chartable.com/podcasts/serial
"['Arts', 'Literature', 'Society & Culture', 'History']",https://chartable.com/podcasts/lore
"['Arts', 'Design', 'Society & Culture', 'Places & Travel']",https://chartable.com/podcasts/nice-try
['Society & Culture'],https://chartable.com/podcasts/root-of-evil-the-true-story-of-the-hodel-family-and-the-black-dahlia
[],https://chartable.com/podcasts/ringer-dish
['Society & Culture'],https://chartable.com/podcasts/the-ted-interview
['Science & Medicine'],https://chartable.com/podcasts/science-rules-with-bill-nye
['News & Politics'],https://chartable.com/podcasts/up-first
['Comedy'],https://chartable.com/podcasts/adulting-1463400941
['Society & Culture'],https://chartable.com/podcasts/the-dark-side-of
"['Society & Culture', 'TV & Film']",https://chartable.com/podcasts/inside-star-wars
['Comedy'],https://chartable.com/podcasts/dumb-people-town
"['Arts', 'News & Politics', 'Society & Culture', 'Personal Journals']",https://chartable.com/podcasts/this-american-life
"['Business', 'Investing']",https://chartable.com/podcasts/the-dave-ramsey-show
"['Education', 'Language Courses', 'Society & Culture', 'Places & Travel']",https://chartable.com/podcasts/duolingo-spanish-podcast
"['Business', 'Management & Marketing']",https://chartable.com/podcasts/the-mfceo-project
['Society & Culture'],https://chartable.com/podcasts/dead-ass-with-devale-and-khadeen-ellis
['News & Politics'],https://chartable.com/podcasts/the-dropout
['Business'],https://chartable.com/podcasts/how-i-built-this-with-guy-raz
"['Health', 'Religion & Spirituality', 'Society & Culture']",https://chartable.com/podcasts/oprahs-supersoul-conversations
['Comedy'],https://chartable.com/podcasts/the-tiny-meat-gang-podcast
['Society & Culture'],https://chartable.com/podcasts/stuff-you-should-know
"['Society & Culture', 'Personal Journals']",https://chartable.com/podcasts/dirty-john
"['Arts', 'Design', 'Education', 'Science & Medicine', 'Natural Sciences', 'Technology']",https://chartable.com/podcasts/ted-talks-daily
['Health'],https://chartable.com/podcasts/on-purpose-with-jay-shetty
['Comedy'],https://chartable.com/podcasts/life-is-short-with-justin-long
"['Business', 'Careers', 'Health', 'Self-Help']",https://chartable.com/podcasts/dais-podcast
['Science & Medicine'],https://chartable.com/podcasts/hidden-brain
['Society & Culture'],https://chartable.com/podcasts/over-my-dead-body
['Arts'],https://chartable.com/podcasts/blackout-1447513097
"['Education', 'Higher Education', 'Science & Medicine', 'Medicine', 'Society & Culture', 'Personal Journals']",https://chartable.com/podcasts/the-womed
"['Arts', 'Fashion & Beauty', 'Society & Culture']",https://chartable.com/podcasts/lauren-conrad-asking-for-a-friend
['Comedy'],https://chartable.com/podcasts/my-dad-wrote-a-porno
[],https://chartable.com/podcasts/man-in-the-window
"['Arts', 'Design']",https://chartable.com/podcasts/99-invisible
"['News & Politics', 'Science & Medicine', 'Social Sciences', 'Society & Culture', 'Personal Journals']",https://chartable.com/podcasts/sword-and-scale
"['Kids & Family', 'Society & Culture', 'TV & Film']",https://chartable.com/podcasts/coffee-convos-with-kail-lowry-lindsie-chrisley
"['Sports & Recreation', 'Professional']",https://chartable.com/podcasts/the-great-one-on-1
['Society & Culture'],https://chartable.com/podcasts/atlanta-monster
"['Society & Culture', 'History']",https://chartable.com/podcasts/stuff-you-missed-in-history-class
['Comedy'],https://chartable.com/podcasts/monday-morning-podcast
"['Science & Medicine', 'Society & Culture']",https://chartable.com/podcasts/invisibilia
"['Religion & Spirituality', 'Science & Medicine', 'Society & Culture']",https://chartable.com/podcasts/waking-up-with-sam-harris
"['Comedy', 'Society & Culture', 'Sports & Recreation']",https://chartable.com/podcasts/the-shvitz
[],https://chartable.com/podcasts/dateline-nbc
['News & Politics'],https://chartable.com/podcasts/in-the-dark-314933
['Society & Culture'],https://chartable.com/podcasts/happy-face
['Comedy'],https://chartable.com/podcasts/drinkin-bros
['Society & Culture'],https://chartable.com/podcasts/unsolved-murders-true-crime-stories
['Business'],https://chartable.com/podcasts/worklife-with-adam-grant
"['Arts', 'Performing Arts', 'Comedy']",https://chartable.com/podcasts/the-moth
"['News & Politics', 'Society & Culture']",https://chartable.com/podcasts/the-teachers-pet
"['Sports & Recreation', 'Professional']",https://chartable.com/podcasts/the-bill-simmons-podcast
"['Business', 'Investing', 'Education', 'Training']",https://chartable.com/podcasts/biggerpockets-podcast-real-estate-investing-and-wealth-building-to-help-you-get-bigger-pockets
"['Health', 'Self-Help']",https://chartable.com/podcasts/rise-together-1407481308
['News & Politics'],https://chartable.com/podcasts/someone-knows-something
"['Society & Culture', 'TV & Film']",https://chartable.com/podcasts/running-from-cops-headlong-season-3
['News & Politics'],https://chartable.com/podcasts/embedded
"['Comedy', 'Society & Culture', 'TV & Film']",https://chartable.com/podcasts/congratulations-with-chris-delia
['Comedy'],https://chartable.com/podcasts/king-and-the-sting
"['News & Politics', 'Society & Culture', 'TV & Film']",https://chartable.com/podcasts/13-alibis
['Kids & Family'],https://chartable.com/podcasts/the-big-life-kids-podcast
"['Government & Organizations', 'News & Politics']",https://chartable.com/podcasts/npr-politics-podcast
"['Arts', 'Performing Arts', 'Comedy', 'TV & Film']",https://chartable.com/podcasts/wtf-with-marc-maron-podcast
['Education'],https://chartable.com/podcasts/the-wild
['Comedy'],https://chartable.com/podcasts/the-misfits-podcast
"['Society & Culture', 'Personal Journals']",https://chartable.com/podcasts/this-is-love
"['Society & Culture', 'Technology', 'Tech News']",https://chartable.com/podcasts/sleepwalkers-1449757372
"['Arts', 'Society & Culture', 'Technology']",https://chartable.com/podcasts/reply-all
"['Society & Culture', 'History']",https://chartable.com/podcasts/the-rfk-tapes
"['Comedy', 'News & Politics', 'Society & Culture']",https://chartable.com/podcasts/true-crime-obsessed
['Comedy'],https://chartable.com/podcasts/your-moms-house-with-christina-p-and-tom-segura
"['Business', 'Management & Marketing', 'Education']",https://chartable.com/podcasts/the-tony-robbins-podcast
['News & Politics'],https://chartable.com/podcasts/what-next-daily-news-and-analysis
"['Arts', 'Music', 'Society & Culture']",https://chartable.com/podcasts/disgraceland
['News & Politics'],https://chartable.com/podcasts/npr-news-now
['Sports & Recreation'],https://chartable.com/podcasts/spittin-chiclets
"['Health', 'Self-Help', 'Kids & Family', 'Society & Culture']",https://chartable.com/podcasts/motherhood-sessions
['Society & Culture'],https://chartable.com/podcasts/broken-harts
"['Comedy', 'News & Politics']",https://chartable.com/podcasts/louder-with-crowder
['News & Politics'],https://chartable.com/podcasts/uncover
['News & Politics'],https://chartable.com/podcasts/global-news-podcast
['Comedy'],https://chartable.com/podcasts/the-trypod
"['Games & Hobbies', 'Sports & Recreation', 'Professional', 'TV & Film']",https://chartable.com/podcasts/the-wade-keller-pro-wrestling-podcast
[],https://chartable.com/podcasts/doing-it-for-me-tone-and-sculpt
"['Religion & Spirituality', 'Christianity', 'Society & Culture']",https://chartable.com/podcasts/the-crossway-podcast
['Health'],https://chartable.com/podcasts/10-happier-with-dan-harris
['Comedy'],https://chartable.com/podcasts/h3-podcast
"['Society & Culture', 'Personal Journals']",https://chartable.com/podcasts/family-ghosts
"['News & Politics', 'Society & Culture', 'History']",https://chartable.com/podcasts/american-hysteria
['Society & Culture'],https://chartable.com/podcasts/serial-killers-490044
"['News & Politics', 'Science & Medicine', 'Social Sciences', 'Society & Culture', 'History']",https://chartable.com/podcasts/the-vanished-podcast
"['Arts', 'Performing Arts', 'Society & Culture', 'TV & Film']",https://chartable.com/podcasts/off-the-vine-with-kaitlyn-bristowe
"['Arts', 'Literature', 'Education', 'Higher Education', 'Society & Culture', 'History']",https://chartable.com/podcasts/myths-and-legends
['Comedy'],https://chartable.com/podcasts/the-church-of-whats-happening-now-with-joey-coco-diaz
"['Government & Organizations', 'News & Politics', 'Society & Culture']",https://chartable.com/podcasts/today-explained
"['Government & Organizations', 'News & Politics', 'Society & Culture']",https://chartable.com/podcasts/the-oath
['News & Politics'],https://chartable.com/podcasts/robert-jeters-show
['Comedy'],https://chartable.com/podcasts/welcome-to-night-vale
"['Business', 'Business News', 'Games & Hobbies', 'Automotive', 'Technology']",https://chartable.com/podcasts/ride-the-lightning-tesla-motors-unofficial-podcast
"['Comedy', 'Health', 'Science & Medicine']",https://chartable.com/podcasts/science-vs
"['Business', 'Careers', 'Education', 'Training', 'Health', 'Self-Help']",https://chartable.com/podcasts/the-life-coach-school-podcast-with-brooke-castillo
['TV & Film'],https://chartable.com/podcasts/eli-roths-history-of-horror-uncut
['Games & Hobbies'],https://chartable.com/podcasts/we-have-cool-friends
"['Health', 'Science & Medicine']",https://chartable.com/podcasts/tedtalks-health
"['News & Politics', 'Society & Culture']",https://chartable.com/podcasts/analysis-of-murder-by-dr-phil
"['Government & Organizations', 'News & Politics', 'Society & Culture', 'History']",https://chartable.com/podcasts/slow-burn-a-podcast-about-watergate
"['News & Politics', 'Society & Culture']",https://chartable.com/podcasts/code-switch
"['Society & Culture', 'History', 'Personal Journals']",https://chartable.com/podcasts/american-history-tellers
"['Business', 'Education', 'Health', 'Kids & Family', 'Science & Medicine', 'Society & Culture']",https://chartable.com/podcasts/life-kit-all-guides
"['Music', 'Society & Culture', 'TV & Film']",https://chartable.com/podcasts/nbcs-songland-podcast
['Society & Culture'],https://chartable.com/podcasts/the-dream
"['Technology', 'Tech News']",https://chartable.com/podcasts/apple-keynotes
"['Kids & Family', 'Science & Medicine']",https://chartable.com/podcasts/brains-on-science-podcast-for-kids
"['Society & Culture', 'History', 'Places & Travel']",https://chartable.com/podcasts/mobituaries-with-mo-rocca
"['Arts', 'Food', 'Health', 'Self-Help']",https://chartable.com/podcasts/goopfellas
"['Business', 'Careers', 'Education', 'Higher Education', 'Health', 'Self-Help']",https://chartable.com/podcasts/mwf-motivation-podcast
"['Society & Culture', 'History', 'TV & Film']",https://chartable.com/podcasts/ephemeral
"['Sports & Recreation', 'Professional']",https://chartable.com/podcasts/the-herd-with-colin-cowherd
"['Comedy', 'Health', 'Sexuality', 'Society & Culture']",https://chartable.com/podcasts/tigerbelly
"['Society & Culture', 'History']",https://chartable.com/podcasts/american-scandal
"['News & Politics', 'Society & Culture']",https://chartable.com/podcasts/murderville
"['Business', 'Investing', 'Society & Culture', 'Philosophy', 'Technology']",https://chartable.com/podcasts/navals-podcast
"['Government & Organizations', 'National', 'News & Politics']",https://chartable.com/podcasts/mueller-report-audio
['Comedy'],https://chartable.com/podcasts/jenna-julien-podcast
['Comedy'],https://chartable.com/podcasts/the-85-south-show-with-karlous-miller-dc-young-fly-and-clayton-english
['News & Politics'],https://chartable.com/podcasts/the-intelligence
"['Business', 'Careers', 'Management & Marketing']",https://chartable.com/podcasts/the-goal-digger-podcast-marketing-social-media-creative-entrepreneurship-small-business-strategy-and-branding
['Comedy'],https://chartable.com/podcasts/the-read
"['Science & Medicine', 'Society & Culture', 'Personal Journals']",https://chartable.com/podcasts/the-generation-why-podcast
['Sports & Recreation'],https://chartable.com/podcasts/first-take-440612
['Religion & Spirituality'],https://chartable.com/podcasts/transformation-church-379186
"['Education', 'News & Politics']",https://chartable.com/podcasts/hempsession-entertainment-education-news-insight-with-oliver-del-camino
"['Business', 'Technology']",https://chartable.com/podcasts/masters-of-scale-with-reid-hoffman
"['Business', 'Education', 'Training']",https://chartable.com/podcasts/kwik-brain-memory-improvement-accelerated-learning-speedreading-brain-hacks-productivity-t
"['Education', 'News & Politics', 'Society & Culture']",https://chartable.com/podcasts/true-crime-all-the-time
['Business'],https://chartable.com/podcasts/tedtalks-business
"['Business', 'Health', 'Self-Help']",https://chartable.com/podcasts/the-brendon-show
['Society & Culture'],https://chartable.com/podcasts/murder-book
"['Sports & Recreation', 'TV & Film', 'Technology']",https://chartable.com/podcasts/channel-33
"['Business', 'Business News', 'News & Politics']",https://chartable.com/podcasts/wsj-whats-news
"['Business', 'Careers', 'Health', 'Self-Help']",https://chartable.com/podcasts/side-hustle-school
"['Health', 'Fitness & Nutrition', 'News & Politics']",https://chartable.com/podcasts/mind-pump-raw-fitness-truth
"['Arts', 'Fashion & Beauty', 'Comedy', 'Society & Culture']",https://chartable.com/podcasts/pretty-basic-with-alisha-marie-and-remi-cruz
['News & Politics'],https://chartable.com/podcasts/who-the-hell-is-hamish
"['Comedy', 'Health', 'Self-Help', 'Society & Culture']",https://chartable.com/podcasts/skotcast
"['Business', 'Careers', 'Management & Marketing', 'Education', 'Training']",https://chartable.com/podcasts/mortgage-success-blueprints-podcast
['Business'],https://chartable.com/podcasts/real-estate-jerky
"['Society & Culture', 'TV & Film']",https://chartable.com/podcasts/straight-up-with-stassi
"['Comedy', 'Society & Culture', 'TV & Film']",https://chartable.com/podcasts/amy-schumer-presents-3-girls-1-keith
['TV & Film'],https://chartable.com/podcasts/ellen-on-the-go
"['Business', 'Management & Marketing']",https://chartable.com/podcasts/analyticstoday-podcast
"['News & Politics', 'Society & Culture']",https://chartable.com/podcasts/the-dan-bongino-show
['Society & Culture'],https://chartable.com/podcasts/family-secrets
['News & Politics'],https://chartable.com/podcasts/the-band-played-on
['Comedy'],https://chartable.com/podcasts/my-brother-my-brother-and-me
"['Technology', 'Tech News']",https://chartable.com/podcasts/apple-keynotes-1080p
"['Comedy', 'Music']",https://chartable.com/podcasts/million-dollaz-worth-of-game
['Comedy'],https://chartable.com/podcasts/morbid-a-true-crime-podcast
['Society & Culture'],https://chartable.com/podcasts/get-real-w-caroline-hobby
"['Sports & Recreation', 'Professional']",https://chartable.com/podcasts/skip-and-shannon-undisputed
"['Business', 'Investing', 'Society & Culture']",https://chartable.com/podcasts/the-knowledge-project-with-shane-parrish
['Comedy'],https://chartable.com/podcasts/minor-adventures-with-topher-grace
"['News & Politics', 'Society & Culture']",https://chartable.com/podcasts/accused
"['Comedy', 'News & Politics', 'Society & Culture', 'History']",https://chartable.com/podcasts/the-dollop-with-dave-anthony-and-gareth-reynolds
"['Religion & Spirituality', 'Christianity']",https://chartable.com/podcasts/the-potters-touch
"['Business', 'Religion & Spirituality', 'Christianity', 'Society & Culture']",https://chartable.com/podcasts/whoa-thats-good-podcast
"['Comedy', 'Education', 'Science & Medicine']",https://chartable.com/podcasts/experts-on-expert-with-dax-shepard
"['Business', 'Society & Culture']",https://chartable.com/podcasts/the-rachel-cruze-show
"['Comedy', 'Health', 'Self-Help', 'Society & Culture']",https://chartable.com/podcasts/you-made-it-weird-with-pete-holmes
['Sports & Recreation'],https://chartable.com/podcasts/the-dave-portnoy-show
['Technology'],https://chartable.com/podcasts/cyberhub-engage
"['Health', 'Alternative Health', 'Fitness & Nutrition']",https://chartable.com/podcasts/the-doctors-farmacy-with-mark-hyman-md
"['Religion & Spirituality', 'Christianity', 'Society & Culture', 'Personal Journals']",https://chartable.com/podcasts/the-next-right-thing
"['Comedy', 'Education', 'Society & Culture', 'Philosophy']",https://chartable.com/podcasts/philosophize-this
['Business'],https://chartable.com/podcasts/the-indicator-from-planet-money
"['Health', 'Self-Help', 'Science & Medicine', 'Social Sciences']",https://chartable.com/podcasts/therapy-for-black-girls
"['Comedy', 'Education', 'Kids & Family']",https://chartable.com/podcasts/story-pirates
"['Society & Culture', 'Technology', 'Podcasting']",https://chartable.com/podcasts/moms-and-murder
['Comedy'],https://chartable.com/podcasts/bodega-boys
"['Business', 'Education', 'Health']",https://chartable.com/podcasts/the-chalene-show-diet-fitness-life-balance
"['Religion & Spirituality', 'Christianity']",https://chartable.com/podcasts/rzim-ask-away-broadcasts
['News & Politics'],https://chartable.com/podcasts/mark-levin-audio-rewind
"['Education', 'Society & Culture', 'Philosophy']",https://chartable.com/podcasts/the-art-of-manliness
"['Education', 'K-12', 'Language Courses']",https://chartable.com/podcasts/coffee-break-french
"['Arts', 'Society & Culture', 'Technology']",https://chartable.com/podcasts/still-processing
"['Health', 'Self-Help']",https://chartable.com/podcasts/the-skinny-confidential-him-her-podcast
['Kids & Family'],https://chartable.com/podcasts/six-minutes
"['Comedy', 'Society & Culture', 'TV & Film']",https://chartable.com/podcasts/showmance-with-kevin-mchale-and-jenna-ushkowitz
['News & Politics'],https://chartable.com/podcasts/ron-and-don-radio
[],https://chartable.com/podcasts/realpod
['Comedy'],https://chartable.com/podcasts/the-brilliant-idiots
['Society & Culture'],https://chartable.com/podcasts/chicks-in-the-office
['News & Politics'],https://chartable.com/podcasts/the-breakdown-with-shaun-king
['Society & Culture'],https://chartable.com/podcasts/not-guilty-1460051574
"['Religion & Spirituality', 'Society & Culture']",https://chartable.com/podcasts/tell-them-i-am
['Society & Culture'],https://chartable.com/podcasts/believed
"['Comedy', 'Society & Culture', 'Personal Journals']",https://chartable.com/podcasts/and-thats-why-we-drink
['News & Politics'],https://chartable.com/podcasts/the-michael-knowles-show
"['Business', 'Careers', 'Investing', 'Management & Marketing']",https://chartable.com/podcasts/wsj-secrets-of-wealthy-women
['Society & Culture'],https://chartable.com/podcasts/oprahs-supersoul-conversations-presents-a-new-earth-with-eckhart-tolle
[],https://chartable.com/podcasts/bussin-with-the-boys
"['Arts', 'Design', 'Visual Arts']",https://chartable.com/podcasts/draftsmen
['Society & Culture'],https://chartable.com/podcasts/stuff-they-dont-want-you-to-know
"['Society & Culture', 'History']",https://chartable.com/podcasts/conspiracy-theories-401796
"['Business', 'Management & Marketing', 'Health', 'Self-Help']",https://chartable.com/podcasts/the-tai-lopez-show
['Education'],https://chartable.com/podcasts/good-night-stories-for-rebel-girls
['Music'],https://chartable.com/podcasts/bottom-of-the-map
['News & Politics'],https://chartable.com/podcasts/the-economist-radio-all-audio
['Education'],https://chartable.com/podcasts/the-candace-owens-show
['Science & Medicine'],https://chartable.com/podcasts/tedtalks-science-and-medicine
['Society & Culture'],https://chartable.com/podcasts/forensic-files
"['Health', 'Self-Help']",https://chartable.com/podcasts/the-dr-oz-podcast
"['Arts', 'Performing Arts', 'Comedy', 'Kids & Family']",https://chartable.com/podcasts/the-two-princes
"['Health', 'Fitness & Nutrition', 'Self-Help']",https://chartable.com/podcasts/the-rich-roll-podcast
"['Society & Culture', 'History']",https://chartable.com/podcasts/hollywood-crime
"['Business', 'News & Politics']",https://chartable.com/podcasts/trump-inc
"['News & Politics', 'Society & Culture', 'TV & Film']",https://chartable.com/podcasts/sunday-sitdown-with-willie-geist
"['Health', 'Fitness & Nutrition', 'Science & Medicine', 'Medicine']",https://chartable.com/podcasts/the-peter-attia-drive
"['Comedy', 'Society & Culture']",https://chartable.com/podcasts/enough-about-me-with-shep-rose
['TV & Film'],https://chartable.com/podcasts/bachelor-party
['Comedy'],https://chartable.com/podcasts/angela-yees-lip-service
"['Comedy', 'Health', 'Self-Help', 'Sexuality']",https://chartable.com/podcasts/why-wont-you-date-me
['News & Politics'],https://chartable.com/podcasts/real-time-with-bill-maher
['TV & Film'],https://chartable.com/podcasts/the-rewatchables
"['Comedy', 'Health', 'Self-Help', 'Society & Culture']",https://chartable.com/podcasts/almost-30-real-talks-on-health-wellness-spirituality-entrepreneurship-sexuality-humor-so-m
['Society & Culture'],https://chartable.com/podcasts/the-butterfly-effect-with-jon-ronson
"['Comedy', 'TV & Film']",https://chartable.com/podcasts/curious-with-josh-peck
"['Health', 'Self-Help']",https://chartable.com/podcasts/the-mindbodygreen-podcast-motivational-interviews-covering-health-fitness-nutrition-entrepreneurship-selfhelp-and-more
"['Arts', 'Literature', 'Performing Arts']",https://chartable.com/podcasts/something-scary
"['Society & Culture', 'History']",https://chartable.com/podcasts/no-mans-land-681410
"['Comedy', 'Games & Hobbies', 'Hobbies', 'TV & Film']",https://chartable.com/podcasts/supersons
"['Business', 'Careers']",https://chartable.com/podcasts/the-ken-coleman-show
['Music'],https://chartable.com/podcasts/bobbycast
"['News & Politics', 'Society & Culture', 'History', 'Philosophy']",https://chartable.com/podcasts/mile-higher-podcast
"['News & Politics', 'Society & Culture']",https://chartable.com/podcasts/the-lady-vanishes
['Comedy'],https://chartable.com/podcasts/taste-of-taylor
"['Religion & Spirituality', 'Christianity', 'Society & Culture', 'Philosophy']",https://chartable.com/podcasts/for-the-love-with-jen-hatmaker-podcast
"['Business', 'Investing']",https://chartable.com/podcasts/chris-hogans-retire-inspired
['Comedy'],https://chartable.com/podcasts/small-doses-174368
['Society & Culture'],https://chartable.com/podcasts/woman-evolve-with-sarah-jakes-roberts
"['Business', 'Management & Marketing', 'Health', 'Fitness & Nutrition', 'Society & Culture']",https://chartable.com/podcasts/the-health-code
"['News & Politics', 'Society & Culture']",https://chartable.com/podcasts/the-charlie-kirk-show
['Comedy'],https://chartable.com/podcasts/shame-on-you
['Sports & Recreation'],https://chartable.com/podcasts/30-for-30-podcasts
['News & Politics'],https://chartable.com/podcasts/pod-save-the-world
"['Education', 'Health', 'Self-Help', 'Society & Culture']",https://chartable.com/podcasts/the-jordan-harbinger-show
"['Kids & Family', 'Religion & Spirituality', 'Christianity']",https://chartable.com/podcasts/risen-motherhood
"['Comedy', 'Society & Culture']",https://chartable.com/podcasts/behind-the-bastards
['News & Politics'],https://chartable.com/podcasts/martinis-murder
"['Health', 'Science & Medicine', 'Society & Culture']",https://chartable.com/podcasts/deepak-chopras-infinite-potential
"['Business', 'Society & Culture', 'History']",https://chartable.com/podcasts/swindled
"['Arts', 'Literature', 'Performing Arts']",https://chartable.com/podcasts/scary-stories-told-in-the-dark
['Society & Culture'],https://chartable.com/podcasts/dear-sugars
['Music'],https://chartable.com/podcasts/song-exploder
"['Business', 'Careers']",https://chartable.com/podcasts/the-entreleadership-podcast
['TV & Film'],https://chartable.com/podcasts/whine-down-with-jana-kramer
"['Comedy', 'Society & Culture']",https://chartable.com/podcasts/wine-crime
"['Business', 'Careers']",https://chartable.com/podcasts/christy-wrights-business-boutique
"['Business', 'Education']",https://chartable.com/podcasts/the-john-maxwell-leadership-podcast
['Arts'],https://chartable.com/podcasts/mythology-1442945036
['Society & Culture'],https://chartable.com/podcasts/true-crime-bullsh
"['Arts', 'Fashion & Beauty', 'Health', 'Fitness & Nutrition', 'Kids & Family']",https://chartable.com/podcasts/with-whit
['Comedy'],https://chartable.com/podcasts/my-moms-basement
"['Business', 'Careers']",https://chartable.com/podcasts/powerbanking
"['Education', 'Language Courses']",https://chartable.com/podcasts/learn-spanish-survival-guide
"['Education', 'News & Politics', 'Society & Culture', 'History']",https://chartable.com/podcasts/revolutions
"['Health', 'Fitness & Nutrition', 'Science & Medicine', 'Medicine', 'Sports & Recreation']",https://chartable.com/podcasts/foundmyfitness
"['Health', 'Self-Help', 'Society & Culture', 'Personal Journals']",https://chartable.com/podcasts/team-never-quit-podcast
['Society & Culture'],https://chartable.com/podcasts/black-girl-podcast
"['News & Politics', 'Society & Culture']",https://chartable.com/podcasts/it-could-happen-here
['Music'],https://chartable.com/podcasts/all-songs-considered
['Science & Medicine'],https://chartable.com/podcasts/science-friday
['Comedy'],https://chartable.com/podcasts/2-dope-queens
"['Arts', 'Performing Arts', 'Society & Culture', 'Personal Journals']",https://chartable.com/podcasts/snap-judgment
['News & Politics'],https://chartable.com/podcasts/diane-rehm-on-my-mind
"['Health', 'Self-Help', 'Sexuality', 'Society & Culture', 'Personal Journals']",https://chartable.com/podcasts/mental-illness-happy-hour
"['Arts', 'Performing Arts']",https://chartable.com/podcasts/levar-burton-reads
"['Business', 'Investing', 'Education']",https://chartable.com/podcasts/we-study-billionaires-the-investors-podcast
['News & Politics'],https://chartable.com/podcasts/crime-stories-with-nancy-grace
"['Comedy', 'Education', 'Society & Culture']",https://chartable.com/podcasts/timesuck-with-dan-cummins
['Kids & Family'],https://chartable.com/podcasts/but-why-a-podcast-for-curious-kids
